{"v":"5.3.4","fr":29.9700012207031,"ip":0,"op":90.0000036657751,"w":1024,"h":1024,"nm":"Sensor_ConnectPhone","ddd":0,"assets":[{"id":"comp_0","layers":[{"ddd":0,"ind":1,"ty":4,"nm":"WIFI Outlines","sr":1,"ks":{"o":{"a":0,"k":100,"ix":11},"r":{"a":0,"k":0,"ix":10},"p":{"a":0,"k":[493.718,463.701,0],"ix":2},"a":{"a":0,"k":[31.033,19.757,0],"ix":1},"s":{"a":0,"k":[100,100,100],"ix":6}},"ao":0,"shapes":[{"ty":"gr","it":[{"ind":0,"ty":"sh","ix":1,"ks":{"a":0,"k":{"i":[[-1.222,-22.434],[0,0],[-28.101,-2.733],[0,0]],"o":[[0,0],[-1.023,-18.356],[0,0],[-34.321,-3.338]],"v":[[-29.56,18.407],[-18.253,19.508],[30.783,-8.784],[30.371,-16.169]],"c":true},"ix":2},"nm":"Path 1","mn":"ADBE Vector Shape - Group","hd":false},{"ty":"fl","c":{"a":0,"k":[0.295595864689,0.710877661612,0.575211468865,1],"ix":4},"o":{"a":0,"k":100,"ix":5},"r":1,"nm":"Fill 1","mn":"ADBE Vector Graphic - Fill","hd":false},{"ty":"tr","p":{"a":0,"k":[31.032,19.758],"ix":2},"a":{"a":0,"k":[0,0],"ix":1},"s":{"a":0,"k":[100,100],"ix":3},"r":{"a":0,"k":0,"ix":6},"o":{"a":0,"k":100,"ix":7},"sk":{"a":0,"k":0,"ix":4},"sa":{"a":0,"k":0,"ix":5},"nm":"Transform"}],"nm":"Group 1","np":2,"cix":2,"ix":1,"mn":"ADBE Vector Group","hd":false}],"ip":60.0000024438501,"op":90.0000036657752,"st":0,"bm":0},{"ddd":0,"ind":3,"ty":4,"nm":"WIFI Outlines","sr":1,"ks":{"o":{"a":0,"k":100,"ix":11},"r":{"a":0,"k":0,"ix":10},"p":{"a":0,"k":[505.665,472.795,0],"ix":2},"a":{"a":0,"k":[19.909,12.863,0],"ix":1},"s":{"a":0,"k":[100,100,100],"ix":6}},"ao":0,"shapes":[{"ty":"gr","it":[{"ind":0,"ty":"sh","ix":1,"ks":{"a":0,"k":{"i":[[-0.767,-14.271],[0,0],[-15.606,-1.518],[0,0]],"o":[[0,0],[-0.568,-10.193],[0,0],[-21.825,-2.123]],"v":[[-18.891,11.513],[-7.583,12.613],[19.658,-3.104],[19.247,-10.49]],"c":true},"ix":2},"nm":"Path 1","mn":"ADBE Vector Shape - Group","hd":false},{"ty":"fl","c":{"a":0,"k":[0.295595864689,0.710877661612,0.575211468865,1],"ix":4},"o":{"a":0,"k":100,"ix":5},"r":1,"nm":"Fill 1","mn":"ADBE Vector Graphic - Fill","hd":false},{"ty":"tr","p":{"a":0,"k":[19.908,12.863],"ix":2},"a":{"a":0,"k":[0,0],"ix":1},"s":{"a":0,"k":[100,100],"ix":3},"r":{"a":0,"k":0,"ix":6},"o":{"a":0,"k":100,"ix":7},"sk":{"a":0,"k":0,"ix":4},"sa":{"a":0,"k":0,"ix":5},"nm":"Transform"}],"nm":"Group 1","np":2,"cix":2,"ix":1,"mn":"ADBE Vector Group","hd":false}],"ip":29.0000011811942,"op":90.0000036657751,"st":64.0000026067734,"bm":0},{"ddd":0,"ind":5,"ty":4,"nm":"WIFI Outlines","sr":1,"ks":{"o":{"a":0,"k":100,"ix":11},"r":{"a":0,"k":0,"ix":10},"p":{"a":0,"k":[517.7,482.152,0],"ix":2},"a":{"a":0,"k":[8.902,6.254,0],"ix":1},"s":{"a":0,"k":[100,100,100],"ix":6}},"ao":0,"shapes":[{"ty":"gr","it":[{"ind":0,"ty":"sh","ix":1,"ks":{"a":0,"k":{"i":[[-0.342,-6.131],[0,0],[0,0]],"o":[[0,0],[0,0],[-9.358,-0.929]],"v":[[-8.31,4.355],[8.652,6.004],[8.034,-5.075]],"c":true},"ix":2},"nm":"Path 1","mn":"ADBE Vector Shape - Group","hd":false},{"ty":"fl","c":{"a":0,"k":[0.295595864689,0.710877661612,0.575211468865,1],"ix":4},"o":{"a":0,"k":100,"ix":5},"r":1,"nm":"Fill 1","mn":"ADBE Vector Graphic - Fill","hd":false},{"ty":"tr","p":{"a":0,"k":[8.902,6.254],"ix":2},"a":{"a":0,"k":[0,0],"ix":1},"s":{"a":0,"k":[100,100],"ix":3},"r":{"a":0,"k":0,"ix":6},"o":{"a":0,"k":100,"ix":7},"sk":{"a":0,"k":0,"ix":4},"sa":{"a":0,"k":0,"ix":5},"nm":"Transform"}],"nm":"Group 1","np":2,"cix":2,"ix":1,"mn":"ADBE Vector Group","hd":false}],"ip":0,"op":90.0000036657751,"st":0,"bm":0},{"ddd":0,"ind":7,"ty":4,"nm":"Phone Outlines","sr":1,"ks":{"o":{"a":0,"k":100,"ix":11},"r":{"a":0,"k":0,"ix":10},"p":{"a":0,"k":[511.811,512.053,0],"ix":2},"a":{"a":0,"k":[487.447,341.877,0],"ix":1},"s":{"a":0,"k":[100,100,100],"ix":6}},"ao":0,"shapes":[{"ty":"gr","it":[{"ind":0,"ty":"sh","ix":1,"ks":{"a":0,"k":{"i":[[0,0],[0,0],[0,0],[0,0]],"o":[[0,0],[0,0],[0,0],[0,0]],"v":[[-379.302,-86.616],[70.554,256.327],[379.356,85.323],[-65.192,-256.335]],"c":true},"ix":2},"nm":"Path 1","mn":"ADBE Vector Shape - Group","hd":false},{"ind":1,"ty":"sh","ix":2,"ks":{"a":0,"k":{"i":[[0,0],[0,0],[0,0],[0,0],[0,0]],"o":[[0,0],[0,0],[0,0],[0,0],[0,0]],"v":[[70.323,259.535],[69.623,259.002],[-384.25,-87.003],[-64.937,-259.535],[384.251,85.691]],"c":true},"ix":2},"nm":"Path 2","mn":"ADBE Vector Shape - Group","hd":false},{"ty":"mm","mm":1,"nm":"Merge Paths 1","mn":"ADBE Vector Filter - Merge","hd":false},{"ty":"fl","c":{"a":0,"k":[0,0,0,1],"ix":4},"o":{"a":0,"k":100,"ix":5},"r":1,"nm":"Fill 1","mn":"ADBE Vector Graphic - Fill","hd":false},{"ty":"tr","p":{"a":0,"k":[483.828,318.942],"ix":2},"a":{"a":0,"k":[0,0],"ix":1},"s":{"a":0,"k":[100,100],"ix":3},"r":{"a":0,"k":0,"ix":6},"o":{"a":0,"k":100,"ix":7},"sk":{"a":0,"k":0,"ix":4},"sa":{"a":0,"k":0,"ix":5},"nm":"Transform"}],"nm":"Group 1","np":4,"cix":2,"ix":1,"mn":"ADBE Vector Group","hd":false},{"ty":"gr","it":[{"ind":0,"ty":"sh","ix":1,"ks":{"a":0,"k":{"i":[[-5.213,-0.764],[-1.668,1.439],[0,0.874],[5.213,0.763],[1.667,-1.438],[0,-0.874]],"o":[[3.311,0.481],[0.763,-0.66],[0,-3.038],[-3.313,-0.481],[-0.763,0.661],[0,3.036]],"v":[[0.195,5.639],[8.273,4.091],[9.423,1.78],[-0.194,-5.23],[-8.271,-3.684],[-9.422,-1.37]],"c":true},"ix":2},"nm":"Path 1","mn":"ADBE Vector Shape - Group","hd":false},{"ind":1,"ty":"sh","ix":2,"ks":{"a":0,"k":{"i":[[3.082,0],[0.898,0.131],[0,4.446],[-1.362,1.178],[-4.128,-0.605],[0,-4.448],[1.362,-1.178]],"o":[[-0.857,0],[-6.685,-0.978],[0,-1.668],[2.274,-1.964],[6.684,0.977],[0,1.666],[-1.779,1.538]],"v":[[2.444,8.498],[-0.194,8.302],[-12.115,-1.37],[-10.032,-5.72],[0.195,-7.893],[12.115,1.78],[10.033,6.128]],"c":true},"ix":2},"nm":"Path 2","mn":"ADBE Vector Shape - Group","hd":false},{"ty":"mm","mm":1,"nm":"Merge Paths 1","mn":"ADBE Vector Filter - Merge","hd":false},{"ty":"fl","c":{"a":0,"k":[0,0,0,1],"ix":4},"o":{"a":0,"k":100,"ix":5},"r":1,"nm":"Fill 1","mn":"ADBE Vector Graphic - Fill","hd":false},{"ty":"tr","p":{"a":0,"k":[277.259,82.434],"ix":2},"a":{"a":0,"k":[0,0],"ix":1},"s":{"a":0,"k":[100,100],"ix":3},"r":{"a":0,"k":0,"ix":6},"o":{"a":0,"k":100,"ix":7},"sk":{"a":0,"k":0,"ix":4},"sa":{"a":0,"k":0,"ix":5},"nm":"Transform"}],"nm":"Group 2","np":4,"cix":2,"ix":2,"mn":"ADBE Vector Group","hd":false},{"ty":"gr","it":[{"ind":0,"ty":"sh","ix":1,"ks":{"a":0,"k":{"i":[[3.127,0],[2.608,-1.425],[0,0],[0.504,-0.731],[-0.276,-1.497],[-1.255,-0.864],[-5.741,3.151],[0,0],[-0.493,0.821],[0.35,1.403],[1.24,0.744],[0,0]],"o":[[-2.891,0],[0,0],[-0.779,0.424],[-0.864,1.253],[0.276,1.497],[5.392,3.714],[0,0],[0.838,-0.461],[0.744,-1.24],[-0.351,-1.402],[0,0],[-2.757,-1.653]],"v":[[30.734,-24.077],[22.341,-21.94],[-40.253,12.29],[-42.212,14.057],[-43.124,18.32],[-40.751,21.979],[-22.708,22.897],[40.394,-11.708],[42.432,-13.667],[43.041,-17.765],[40.575,-21.091],[39.74,-21.593]],"c":true},"ix":2},"nm":"Path 1","mn":"ADBE Vector Shape - Group","hd":false},{"ind":1,"ty":"sh","ix":2,"ks":{"a":0,"k":{"i":[[3.279,0],[3.405,2.347],[0.406,2.203],[-1.272,1.846],[-1.146,0.626],[0,0],[-6.123,-3.674],[0,0],[-0.526,-2.099],[1.114,-1.856],[1.258,-0.688],[0,0]],"o":[[-3.948,0],[-1.846,-1.27],[-0.407,-2.204],[0.74,-1.077],[0,0],[6.26,-3.427],[0,0],[1.855,1.114],[0.524,2.101],[-0.738,1.23],[0,0],[-3.012,1.651]],"v":[[-30.997,27.729],[-42.279,24.195],[-45.77,18.808],[-44.428,12.529],[-41.544,9.927],[21.05,-24.302],[41.126,-23.901],[41.962,-23.4],[45.653,-18.417],[44.739,-12.283],[41.687,-9.348],[-21.413,25.258]],"c":true},"ix":2},"nm":"Path 2","mn":"ADBE Vector Shape - Group","hd":false},{"ty":"mm","mm":1,"nm":"Merge Paths 1","mn":"ADBE Vector Filter - Merge","hd":false},{"ty":"fl","c":{"a":0,"k":[0,0,0,1],"ix":4},"o":{"a":0,"k":100,"ix":5},"r":1,"nm":"Fill 1","mn":"ADBE Vector Graphic - Fill","hd":false},{"ty":"tr","p":{"a":0,"k":[217.82,114.446],"ix":2},"a":{"a":0,"k":[0,0],"ix":1},"s":{"a":0,"k":[100,100],"ix":3},"r":{"a":0,"k":0,"ix":6},"o":{"a":0,"k":100,"ix":7},"sk":{"a":0,"k":0,"ix":4},"sa":{"a":0,"k":0,"ix":5},"nm":"Transform"}],"nm":"Group 3","np":4,"cix":2,"ix":3,"mn":"ADBE Vector Group","hd":false},{"ty":"gr","it":[{"ind":0,"ty":"sh","ix":1,"ks":{"a":0,"k":{"i":[[24.205,0],[18.247,-9.875],[0,0],[0,0],[1.441,-16.353],[-12.234,-9.547],[-21.114,-16.062],[-45.108,20.165],[-143.83,76.39],[-1.106,15.737],[13.69,10.03],[0,0]],"o":[[-21.313,0],[0,0],[0,0],[-21.127,11.183],[-1.122,12.735],[316.488,239.88],[29.39,22.362],[27.545,-14.446],[20.024,-10.73],[0.936,-13.319],[0,0],[-15.942,-12.36]],"v":[[-121.034,-315.078],[-182.587,-300.335],[-182.734,-300.267],[-438.522,-163.369],[-474.032,-120.043],[-456.801,-85.49],[51.987,300.233],[182.67,304.086],[440.978,167.173],[474.231,125.526],[454.455,89.318],[-57.56,-296.436]],"c":true},"ix":2},"nm":"Path 1","mn":"ADBE Vector Shape - Group","hd":false},{"ind":1,"ty":"sh","ix":2,"ks":{"a":0,"k":{"i":[[22.463,0],[16.082,12.238],[316.503,239.891],[-1.206,13.675],[-21.945,11.615],[0,0],[0,0],[0,0],[-30.726,-23.825],[0,0],[1.004,-14.272],[20.859,-11.177],[27.624,-14.483]],"o":[[-25.747,0.002],[-21.113,-16.061],[-12.992,-10.139],[1.522,-17.279],[0,0],[0,0],[0,0],[39.82,-21.547],[0,0],[14.447,10.584],[-1.173,16.682],[-143.839,76.396],[-21.442,9.588]],"v":[[116.031,320.823],[50.357,302.375],[-458.443,-83.356],[-476.713,-120.28],[-439.787,-165.746],[-183.868,-302.704],[-183.228,-301.52],[-183.867,-302.704],[-55.926,-298.575],[456.06,87.157],[476.916,125.712],[442.246,169.547],[183.844,306.505]],"c":true},"ix":2},"nm":"Path 2","mn":"ADBE Vector Shape - Group","hd":false},{"ty":"mm","mm":1,"nm":"Merge Paths 1","mn":"ADBE Vector Filter - Merge","hd":false},{"ty":"fl","c":{"a":0,"k":[0,0,0,1],"ix":4},"o":{"a":0,"k":100,"ix":5},"r":1,"nm":"Fill 1","mn":"ADBE Vector Graphic - Fill","hd":false},{"ty":"tr","p":{"a":0,"k":[487.601,324.501],"ix":2},"a":{"a":0,"k":[0,0],"ix":1},"s":{"a":0,"k":[100,100],"ix":3},"r":{"a":0,"k":0,"ix":6},"o":{"a":0,"k":100,"ix":7},"sk":{"a":0,"k":0,"ix":4},"sa":{"a":0,"k":0,"ix":5},"nm":"Transform"}],"nm":"Group 4","np":4,"cix":2,"ix":4,"mn":"ADBE Vector Group","hd":false},{"ty":"gr","it":[{"ind":0,"ty":"sh","ix":1,"ks":{"a":0,"k":{"i":[[39.487,-21.368],[0,0],[0,0],[-29.722,-23.193],[-20.936,-15.929],[-45.047,20.137],[-144.781,76.894],[31.792,23.294],[0,0]],"o":[[0,0],[0,0],[-40.077,21.213],[318.268,241.229],[30.121,22.918],[27.477,-14.405],[39.477,-21.154],[0,0],[-30.373,-23.549]],"v":[[-183.074,-302.802],[-183.079,-302.798],[-439.004,-165.837],[-457.475,-85.709],[51.326,300.024],[183.373,304.032],[441.764,167.081],[455.405,86.951],[-56.597,-298.792]],"c":true},"ix":2},"nm":"Path 1","mn":"ADBE Vector Shape - Group","hd":false},{"ty":"fl","c":{"a":0,"k":[0.999999940162,0.999999940162,1,1],"ix":4},"o":{"a":0,"k":100,"ix":5},"r":1,"nm":"Fill 1","mn":"ADBE Vector Graphic - Fill","hd":false},{"ty":"tr","p":{"a":0,"k":[487.447,325.782],"ix":2},"a":{"a":0,"k":[0,0],"ix":1},"s":{"a":0,"k":[100,100],"ix":3},"r":{"a":0,"k":0,"ix":6},"o":{"a":0,"k":100,"ix":7},"sk":{"a":0,"k":0,"ix":4},"sa":{"a":0,"k":0,"ix":5},"nm":"Transform"}],"nm":"Group 5","np":2,"cix":2,"ix":5,"mn":"ADBE Vector Group","hd":false},{"ty":"gr","it":[{"ind":0,"ty":"sh","ix":1,"ks":{"a":0,"k":{"i":[[0,0],[0,0],[-11.356,-8.861],[0,0],[-40.379,21.164],[0,0],[-0.846,15.977],[0.485,12.404]],"o":[[0,0],[0.009,11.728],[0,0],[31.637,23.321],[0,0],[20.313,-10.885],[0.536,-10.198],[0,0]],"v":[[-474.507,-236.482],[-474.507,-202.305],[-457.134,-170.833],[51.635,214.878],[182.254,218.783],[440.644,81.83],[473.941,39.562],[474.02,5.51]],"c":true},"ix":2},"nm":"Path 1","mn":"ADBE Vector Shape - Group","hd":false},{"ind":1,"ty":"sh","ix":2,"ks":{"a":0,"k":{"i":[[22.694,0],[17.266,12.727],[0,0],[0.009,12.588],[0,0],[0,0],[0,0],[0,0],[0.557,-10.553],[21.167,-11.342],[0,0]],"o":[[-25.888,0],[0,0],[-12.048,-9.401],[0,0],[0,0],[0,0],[0,0],[0.528,12.872],[-0.897,16.939],[0,0],[-19.25,10.093]],"v":[[118.236,236.229],[50.022,217.035],[-458.776,-168.699],[-477.198,-202.304],[-477.198,-239.947],[-475.521,-239.519],[476.628,3.397],[476.67,4.398],[476.628,39.704],[441.911,84.204],[183.511,221.162]],"c":true},"ix":2},"nm":"Path 2","mn":"ADBE Vector Shape - Group","hd":false},{"ty":"mm","mm":1,"nm":"Merge Paths 1","mn":"ADBE Vector Filter - Merge","hd":false},{"ty":"fl","c":{"a":0,"k":[0,0,0,1],"ix":4},"o":{"a":0,"k":100,"ix":5},"r":1,"nm":"Fill 1","mn":"ADBE Vector Graphic - Fill","hd":false},{"ty":"tr","p":{"a":0,"k":[487.935,442.15],"ix":2},"a":{"a":0,"k":[0,0],"ix":1},"s":{"a":0,"k":[100,100],"ix":3},"r":{"a":0,"k":0,"ix":6},"o":{"a":0,"k":100,"ix":7},"sk":{"a":0,"k":0,"ix":4},"sa":{"a":0,"k":0,"ix":5},"nm":"Transform"}],"nm":"Group 6","np":4,"cix":2,"ix":6,"mn":"ADBE Vector Group","hd":false},{"ty":"gr","it":[{"ind":0,"ty":"sh","ix":1,"ks":{"a":0,"k":{"i":[[0,0],[0,0],[-11.779,-9.192],[0,0],[-40.78,21.38],[0,0],[-0.861,16.291],[0.53,12.891]],"o":[[0,0],[0.01,11.987],[0,0],[31.975,23.57],[0,0],[21.063,-11.287],[0.559,-10.562],[0,0]],"v":[[-475.854,-239.784],[-475.854,-203.875],[-457.964,-171.341],[50.82,214.382],[182.879,218.404],[441.275,81.45],[475.282,38.064],[475.324,2.884]],"c":true},"ix":2},"nm":"Path 1","mn":"ADBE Vector Shape - Group","hd":false},{"ty":"fl","c":{"a":0,"k":[0.999999940162,0.999999940162,1,1],"ix":4},"o":{"a":0,"k":100,"ix":5},"r":1,"nm":"Fill 1","mn":"ADBE Vector Graphic - Fill","hd":false},{"ty":"tr","p":{"a":0,"k":[487.936,443.72],"ix":2},"a":{"a":0,"k":[0,0],"ix":1},"s":{"a":0,"k":[100,100],"ix":3},"r":{"a":0,"k":0,"ix":6},"o":{"a":0,"k":100,"ix":7},"sk":{"a":0,"k":0,"ix":4},"sa":{"a":0,"k":0,"ix":5},"nm":"Transform"}],"nm":"Group 7","np":2,"cix":2,"ix":7,"mn":"ADBE Vector Group","hd":false}],"ip":0,"op":90.0000036657751,"st":0,"bm":0}]},{"id":"comp_1","layers":[{"ddd":0,"ind":1,"ty":4,"nm":"Layer 2 Outlines","sr":1,"ks":{"o":{"a":0,"k":100,"ix":11},"r":{"a":0,"k":0,"ix":10},"p":{"a":0,"k":[548.5,492.5,0],"ix":2},"a":{"a":0,"k":[4.5,3.5,0],"ix":1},"s":{"a":0,"k":[100,100,100],"ix":6}},"ao":0,"shapes":[{"ty":"gr","it":[{"ind":0,"ty":"sh","ix":1,"ks":{"a":0,"k":{"i":[[-1.104,0],[0,0.552],[1.104,0],[0,-0.552]],"o":[[1.104,0],[0,-0.552],[-1.104,0],[0,0.552]],"v":[[0,1],[2,0],[0,-1],[-2,0]],"c":true},"ix":2},"nm":"Path 1","mn":"ADBE Vector Shape - Group","hd":false},{"ty":"st","c":{"a":0,"k":[0.263000009574,0.263000009574,0.263000009574,1],"ix":3},"o":{"a":0,"k":100,"ix":4},"w":{"a":0,"k":1,"ix":5},"lc":1,"lj":1,"ml":10,"ml2":{"a":0,"k":10,"ix":8},"nm":"Stroke 1","mn":"ADBE Vector Graphic - Stroke","hd":false},{"ty":"tr","p":{"a":0,"k":[4.5,3.5],"ix":2},"a":{"a":0,"k":[0,0],"ix":1},"s":{"a":0,"k":[100,100],"ix":3},"r":{"a":0,"k":0,"ix":6},"o":{"a":0,"k":100,"ix":7},"sk":{"a":0,"k":0,"ix":4},"sa":{"a":0,"k":0,"ix":5},"nm":"Transform"}],"nm":"Group 1","np":2,"cix":2,"ix":1,"mn":"ADBE Vector Group","hd":false}],"ip":0,"op":90.0000036657751,"st":0,"bm":0},{"ddd":0,"ind":3,"ty":4,"nm":"Layer 3 Outlines","sr":1,"ks":{"o":{"a":0,"k":100,"ix":11},"r":{"a":0,"k":0,"ix":10},"p":{"a":0,"k":[512.5,485.5,0],"ix":2},"a":{"a":0,"k":[61.5,34.5,0],"ix":1},"s":{"a":0,"k":[100,100,100],"ix":6}},"ao":0,"shapes":[{"ty":"gr","it":[{"ind":0,"ty":"sh","ix":1,"ks":{"a":0,"k":{"i":[[-33.689,0],[0,17.154],[36,0],[0,-17.153]],"o":[[33.689,0],[0,-17.153],[-36,0],[0,17.154]],"v":[[0,32],[59,0.941],[0,-32],[-59,0.941]],"c":true},"ix":2},"nm":"Path 1","mn":"ADBE Vector Shape - Group","hd":false},{"ty":"st","c":{"a":0,"k":[0.263000009574,0.263000009574,0.263000009574,1],"ix":3},"o":{"a":0,"k":100,"ix":4},"w":{"a":0,"k":1,"ix":5},"lc":1,"lj":1,"ml":10,"ml2":{"a":0,"k":10,"ix":8},"nm":"Stroke 1","mn":"ADBE Vector Graphic - Stroke","hd":false},{"ty":"tr","p":{"a":0,"k":[61.5,34.5],"ix":2},"a":{"a":0,"k":[0,0],"ix":1},"s":{"a":0,"k":[100,100],"ix":3},"r":{"a":0,"k":0,"ix":6},"o":{"a":0,"k":100,"ix":7},"sk":{"a":0,"k":0,"ix":4},"sa":{"a":0,"k":0,"ix":5},"nm":"Transform"}],"nm":"Group 1","np":2,"cix":2,"ix":1,"mn":"ADBE Vector Group","hd":false}],"ip":0,"op":90.0000036657751,"st":0,"bm":0},{"ddd":0,"ind":5,"ty":4,"nm":"Layer 4 Outlines","sr":1,"ks":{"o":{"a":0,"k":100,"ix":11},"r":{"a":0,"k":0,"ix":10},"p":{"a":0,"k":[512.5,484,0],"ix":2},"a":{"a":0,"k":[63.5,36,0],"ix":1},"s":{"a":0,"k":[100,100,100],"ix":6}},"ao":0,"shapes":[{"ty":"gr","it":[{"ind":0,"ty":"sh","ix":1,"ks":{"a":0,"k":{"i":[[-33.689,0],[0,18.226],[36,0],[0,-18.226]],"o":[[33.689,0],[0,-18.226],[-36,0],[0,18.226]],"v":[[0,33.5],[61,0.5],[0,-33.5],[-61,0.5]],"c":true},"ix":2},"nm":"Path 1","mn":"ADBE Vector Shape - Group","hd":false},{"ty":"st","c":{"a":0,"k":[0.263000009574,0.263000009574,0.263000009574,1],"ix":3},"o":{"a":0,"k":100,"ix":4},"w":{"a":0,"k":1,"ix":5},"lc":1,"lj":1,"ml":10,"ml2":{"a":0,"k":10,"ix":8},"nm":"Stroke 1","mn":"ADBE Vector Graphic - Stroke","hd":false},{"ty":"tr","p":{"a":0,"k":[63.5,36],"ix":2},"a":{"a":0,"k":[0,0],"ix":1},"s":{"a":0,"k":[100,100],"ix":3},"r":{"a":0,"k":0,"ix":6},"o":{"a":0,"k":100,"ix":7},"sk":{"a":0,"k":0,"ix":4},"sa":{"a":0,"k":0,"ix":5},"nm":"Transform"}],"nm":"Group 1","np":2,"cix":2,"ix":1,"mn":"ADBE Vector Group","hd":false}],"ip":0,"op":90.0000036657751,"st":0,"bm":0},{"ddd":0,"ind":7,"ty":4,"nm":"Layer 5 Outlines","sr":1,"ks":{"o":{"a":0,"k":100,"ix":11},"r":{"a":0,"k":0,"ix":10},"p":{"a":0,"k":[513,489.5,0],"ix":2},"a":{"a":0,"k":[44,26.5,0],"ix":1},"s":{"a":0,"k":[100,100,100],"ix":6}},"ao":0,"shapes":[{"ty":"gr","it":[{"ind":0,"ty":"sh","ix":1,"ks":{"a":0,"k":{"i":[[-22.92,0],[0,13.255],[22.92,0],[0,-13.255]],"o":[[22.92,0],[0,-13.255],[-22.92,0],[0,13.255]],"v":[[0,24],[41.5,0],[0,-24],[-41.5,0]],"c":true},"ix":2},"nm":"Path 1","mn":"ADBE Vector Shape - Group","hd":false},{"ty":"st","c":{"a":0,"k":[0.263000009574,0.263000009574,0.263000009574,1],"ix":3},"o":{"a":0,"k":100,"ix":4},"w":{"a":0,"k":1,"ix":5},"lc":1,"lj":1,"ml":10,"ml2":{"a":0,"k":10,"ix":8},"nm":"Stroke 1","mn":"ADBE Vector Graphic - Stroke","hd":false},{"ty":"tr","p":{"a":0,"k":[44,26.5],"ix":2},"a":{"a":0,"k":[0,0],"ix":1},"s":{"a":0,"k":[100,100],"ix":3},"r":{"a":0,"k":0,"ix":6},"o":{"a":0,"k":100,"ix":7},"sk":{"a":0,"k":0,"ix":4},"sa":{"a":0,"k":0,"ix":5},"nm":"Transform"}],"nm":"Group 1","np":2,"cix":2,"ix":1,"mn":"ADBE Vector Group","hd":false}],"ip":0,"op":90.0000036657751,"st":0,"bm":0},{"ddd":0,"ind":9,"ty":4,"nm":"Layer 6 Outlines","sr":1,"ks":{"o":{"a":0,"k":100,"ix":11},"r":{"a":0,"k":0,"ix":10},"p":{"a":0,"k":[511.5,513,0],"ix":2},"a":{"a":0,"k":[84.5,68,0],"ix":1},"s":{"a":0,"k":[100,100,100],"ix":6}},"ao":0,"shapes":[{"ty":"gr","it":[{"ind":0,"ty":"sh","ix":1,"ks":{"a":0,"k":{"i":[[-1.985,9],[-60.483,0],[-1.836,-12.019],[0,-15.703],[67.177,0],[0,17.5]],"o":[[3.053,-13.843],[60.483,0],[1.984,13],[0,15],[-67.175,0],[0,-15.722]],"v":[[-80.015,-19.5],[0,-65.5],[80.016,-19.5],[82,15.5],[0.992,65.5],[-82,15.5]],"c":true},"ix":2},"nm":"Path 1","mn":"ADBE Vector Shape - Group","hd":false},{"ty":"st","c":{"a":0,"k":[0.263000009574,0.263000009574,0.263000009574,1],"ix":3},"o":{"a":0,"k":100,"ix":4},"w":{"a":0,"k":1,"ix":5},"lc":1,"lj":1,"ml":10,"ml2":{"a":0,"k":10,"ix":8},"nm":"Stroke 1","mn":"ADBE Vector Graphic - Stroke","hd":false},{"ty":"fl","c":{"a":0,"k":[1,1,1,1],"ix":4},"o":{"a":0,"k":100,"ix":5},"r":1,"nm":"Fill 1","mn":"ADBE Vector Graphic - Fill","hd":false},{"ty":"tr","p":{"a":0,"k":[84.5,68],"ix":2},"a":{"a":0,"k":[0,0],"ix":1},"s":{"a":0,"k":[100,100],"ix":3},"r":{"a":0,"k":0,"ix":6},"o":{"a":0,"k":100,"ix":7},"sk":{"a":0,"k":0,"ix":4},"sa":{"a":0,"k":0,"ix":5},"nm":"Transform"}],"nm":"Group 1","np":3,"cix":2,"ix":1,"mn":"ADBE Vector Group","hd":false}],"ip":0,"op":90.0000036657751,"st":0,"bm":0}]},{"id":"comp_2","layers":[{"ddd":0,"ind":1,"ty":4,"nm":"CircleS Outlines","sr":1,"ks":{"o":{"a":1,"k":[{"i":{"x":[0.833],"y":[0.833]},"o":{"x":[0.167],"y":[0.167]},"n":["0p833_0p833_0p167_0p167"],"t":0,"s":[50],"e":[100]},{"t":69.0000028104276}],"ix":11},"r":{"a":0,"k":0,"ix":10},"p":{"a":0,"k":[510,512,0],"ix":2},"a":{"a":0,"k":[356.494,356.494,0],"ix":1},"s":{"a":1,"k":[{"i":{"x":[0.833,0.833,0.833],"y":[0.833,0.833,0.833]},"o":{"x":[0.167,0.167,0.167],"y":[0.167,0.167,0.167]},"n":["0p833_0p833_0p167_0p167","0p833_0p833_0p167_0p167","0p833_0p833_0p167_0p167"],"t":0,"s":[80,80,100],"e":[100,100,100]},{"t":69.0000028104276}],"ix":6}},"ao":0,"shapes":[{"ty":"gr","it":[{"ind":0,"ty":"sh","ix":1,"ks":{"a":0,"k":{"i":[[-196.886,0],[0,-196.886],[196.887,0],[0,196.887]],"o":[[196.887,0],[0,196.887],[-196.886,0],[0,-196.886]],"v":[[0,-356.494],[356.494,0],[0,356.494],[-356.494,0]],"c":true},"ix":2},"nm":"Path 1","mn":"ADBE Vector Shape - Group","hd":false},{"ty":"fl","c":{"a":0,"k":[0.952076870787,0.949118700214,0.939714977788,1],"ix":4},"o":{"a":0,"k":100,"ix":5},"r":1,"nm":"Fill 1","mn":"ADBE Vector Graphic - Fill","hd":false},{"ty":"tr","p":{"a":0,"k":[356.494,356.494],"ix":2},"a":{"a":0,"k":[0,0],"ix":1},"s":{"a":0,"k":[100,100],"ix":3},"r":{"a":0,"k":0,"ix":6},"o":{"a":0,"k":100,"ix":7},"sk":{"a":0,"k":0,"ix":4},"sa":{"a":0,"k":0,"ix":5},"nm":"Transform"}],"nm":"Group 1","np":4,"cix":2,"ix":1,"mn":"ADBE Vector Group","hd":false}],"ip":0,"op":90.0000036657751,"st":0,"bm":0},{"ddd":0,"ind":3,"ty":4,"nm":"CircleL Outlines","sr":1,"ks":{"o":{"a":0,"k":50,"ix":11},"r":{"a":0,"k":0,"ix":10},"p":{"a":0,"k":[510,512,0],"ix":2},"a":{"a":0,"k":[279.491,279.491,0],"ix":1},"s":{"a":1,"k":[{"i":{"x":[0.833,0.833,0.833],"y":[0.833,0.833,0.833]},"o":{"x":[0.167,0.167,0.167],"y":[0.167,0.167,0.167]},"n":["0p833_0p833_0p167_0p167","0p833_0p833_0p167_0p167","0p833_0p833_0p167_0p167"],"t":0,"s":[90,90,100],"e":[100,100,100]},{"t":69.0000028104276}],"ix":6}},"ao":0,"shapes":[{"ty":"gr","it":[{"ind":0,"ty":"sh","ix":1,"ks":{"a":0,"k":{"i":[[-154.359,0],[0,-154.359],[154.358,0],[0,154.358]],"o":[[154.358,0],[0,154.358],[-154.359,0],[0,-154.359]],"v":[[0,-279.492],[279.491,0],[0,279.491],[-279.492,0]],"c":true},"ix":2},"nm":"Path 1","mn":"ADBE Vector Shape - Group","hd":false},{"ty":"fl","c":{"a":0,"k":[0.935842955346,0.934554694681,0.923637539733,1],"ix":4},"o":{"a":0,"k":100,"ix":5},"r":1,"nm":"Fill 1","mn":"ADBE Vector Graphic - Fill","hd":false},{"ty":"tr","p":{"a":0,"k":[279.491,279.491],"ix":2},"a":{"a":0,"k":[0,0],"ix":1},"s":{"a":0,"k":[100,100],"ix":3},"r":{"a":0,"k":0,"ix":6},"o":{"a":0,"k":100,"ix":7},"sk":{"a":0,"k":0,"ix":4},"sa":{"a":0,"k":0,"ix":5},"nm":"Transform"}],"nm":"Group 1","np":4,"cix":2,"ix":1,"mn":"ADBE Vector Group","hd":false}],"ip":0,"op":90.0000036657751,"st":0,"bm":0}]}],"layers":[{"ddd":0,"ind":1,"ty":0,"nm":"SetUpSensor_Phone_1024","refId":"comp_0","sr":1,"ks":{"o":{"a":1,"k":[{"i":{"x":[0.833],"y":[0.833]},"o":{"x":[0.167],"y":[0.167]},"n":["0p833_0p833_0p167_0p167"],"t":0,"s":[0],"e":[100]},{"t":6.00000024438501}],"ix":11},"r":{"a":1,"k":[{"i":{"x":[0.833],"y":[0.833]},"o":{"x":[0.167],"y":[0.167]},"n":["0p833_0p833_0p167_0p167"],"t":0,"s":[7.329],"e":[0]},{"i":{"x":[0.833],"y":[0.833]},"o":{"x":[0.167],"y":[0.167]},"n":["0p833_0p833_0p167_0p167"],"t":33,"s":[0],"e":[0]},{"t":89.0000036250443}],"ix":10},"p":{"a":1,"k":[{"i":{"x":0.833,"y":0.833},"o":{"x":0.167,"y":0.167},"n":"0p833_0p833_0p167_0p167","t":0,"s":[774,470,0],"e":[658,472,0],"to":[0,0,0],"ti":[0,0,0]},{"i":{"x":0.833,"y":0.833},"o":{"x":0.167,"y":0.167},"n":"0p833_0p833_0p167_0p167","t":33,"s":[658,472,0],"e":[658,472,0],"to":[0,0,0],"ti":[0,0,0]},{"t":89.0000036250443}],"ix":2},"a":{"a":0,"k":[512,512,0],"ix":1},"s":{"a":0,"k":[67.188,60.547,100],"ix":6}},"ao":0,"w":1024,"h":1024,"ip":0,"op":90.0000036657751,"st":0,"bm":0},{"ddd":0,"ind":2,"ty":0,"nm":"SetUpSensor_Sensor","refId":"comp_1","sr":1,"ks":{"o":{"a":1,"k":[{"i":{"x":[0.833],"y":[0.833]},"o":{"x":[0.167],"y":[0.167]},"n":["0p833_0p833_0p167_0p167"],"t":0,"s":[0],"e":[100]},{"t":5.00000020365417}],"ix":11},"r":{"a":0,"k":0,"ix":10},"p":{"a":0,"k":[466,556,0],"ix":2},"a":{"a":0,"k":[512,512,0],"ix":1},"s":{"a":0,"k":[150,150,100],"ix":6}},"ao":0,"w":1024,"h":1024,"ip":0,"op":90.0000036657751,"st":0,"bm":0},{"ddd":0,"ind":3,"ty":0,"nm":"CircleBG","refId":"comp_2","sr":1,"ks":{"o":{"a":0,"k":100,"ix":11},"r":{"a":0,"k":0,"ix":10},"p":{"a":0,"k":[512,512,0],"ix":2},"a":{"a":0,"k":[512,512,0],"ix":1},"s":{"a":0,"k":[100,100,100],"ix":6}},"ao":0,"w":1024,"h":1024,"ip":0,"op":90.0000036657751,"st":0,"bm":0}],"markers":[]}